time,seconds_elapsed,z,y,x
1761334266895999200,0.055999267578125,0,0,0
1761334266914700500,0.074700439453125,-0.4202594757080078,0.06682634353637695,0.2941703796386719
1761334266933401900,0.09340185546875,-0.9246454238891602,-0.28312253952026367,-0.08647292852401733
1761334266952103400,0.112103515625,-1.7953004837036133,-1.2074050903320312,-0.48902609944343567
1761334266970804700,0.1308046875,-2.3485593795776367,-0.925006628036499,-0.6430056691169739
1761334266989506000,0.149506103515625,-2.040585517883301,-0.6964166164398193,-1.148847222328186
1761334267008207400,0.168207275390625,-0.9155864715576172,-0.5361254215240479,-0.8911452889442444
1761334267026908700,0.18690869140625,-0.5053391456604004,-0.1857459545135498,-1.0171185731887817
1761334267045610000,0.20560986328125,-0.3213944435119629,0.34211230278015137,-0.7977850437164307
1761334267064311600,0.2243115234375,0.5050382614135742,0.5883133411407471,-0.5846711993217468
1761334267083012900,0.243012939453125,0.16878080368041992,0.34961366653442383,-0.43255388736724854
1761334267101714200,0.261714111328125,0.4430813789367676,0.033675432205200195,-0.7293763756752014
1761334267120415500,0.28041552734375,0.9456677436828613,-1.3117958307266235,1.4049971103668213
1761334267139116800,0.29911669921875,3.394129753112793,0.7447459697723389,1.9277185201644897
1761334267157818000,0.317818115234375,8.383319854736328,4.578439712524414,-0.7896896600723267
1761334267176519700,0.336519775390625,13.091567039489746,5.123101234436035,0.5745114088058472
1761334267195221000,0.355220947265625,14.642373085021973,5.8211669921875,1.5761743783950806
1761334267213922300,0.37392236328125,14.238542556762695,5.583311557769775,1.8690332174301147
1761334267232623600,0.39262353515625,12.642370223999023,4.713095188140869,3.2685277462005615
1761334267251325000,0.411324951171875,9.52899169921875,3.9166276454925537,2.6848230361938477
1761334267270026200,0.430026123046875,6.304736137390137,2.555823802947998,1.3246276378631592
1761334267288727800,0.448727783203125,2.879887580871582,-0.09399795532226562,1.13700270652771
1761334267307429000,0.46742919921875,-1.6746101379394531,-2.6313257217407227,-0.6131439208984375
1761334267326130400,0.48613037109375,-6.444576263427734,-4.102315425872803,-2.7223148345947266
1761334267344831700,0.504831787109375,-10.224392890930176,-5.152137279510498,-3.908700942993164
1761334267363533000,0.523532958984375,-12.652141571044922,-5.80869197845459,-4.477714538574219
1761334267382234400,0.542234375,-13.151472091674805,-5.766173362731934,-4.822707176208496
1761334267400936000,0.56093603515625,-12.897303581237793,-5.365792274475098,-4.773797988891602
1761334267419637200,0.57963720703125,-12.138952255249023,-4.721653938293457,-3.9949467182159424
1761334267438338600,0.598338623046875,-11.726592063903809,-4.541494369506836,-2.6120142936706543
1761334267457040000,0.617039794921875,-10.95224380493164,-4.093027114868164,-1.303942322731018
1761334267475741200,0.6357412109375,-9.113805770874023,-3.8333325386047363,-0.8459963798522949
1761334267494442500,0.6544423828125,-6.495614051818848,-3.5582809448242188,-0.7708563804626465
1761334267513144000,0.67314404296875,-2.774232864379883,-3.1682894229888916,-0.26718011498451233
1761334267531845400,0.691845458984375,2.1446714401245117,-1.9392116069793701,1.761399507522583
1761334267550546700,0.710546630859375,5.97878885269165,-0.11394524574279785,4.121974945068359
1761334267569248000,0.729248046875,9.069619178771973,3.754042863845825,2.754784345626831
1761334267587949300,0.74794921875,9.31545639038086,7.56248664855957,-0.33540019392967224
1761334267606650600,0.766650634765625,11.610888481140137,10.533784866333008,-0.7140719890594482
1761334267625352200,0.785352294921875,16.01763343811035,9.970075607299805,1.9683880805969238
1761334267644053500,0.804053466796875,20.822269439697266,7.596506118774414,4.26566219329834
1761334267662754800,0.8227548828125,22.056554794311523,6.118587017059326,7.839764595031738
1761334267681456000,0.8414560546875,14.633709907531738,5.915873050689697,5.943843841552734
1761334267700157400,0.860157470703125,4.920770645141602,4.180911540985107,1.8946900367736816
1761334267718858800,0.878858642578125,-0.9010829925537109,1.5160574913024902,0.35975122451782227
1761334267737560300,0.897560302734375,-5.854443073272705,-1.2386722564697266,-0.5969489812850952
1761334267756261600,0.91626171875,-9.07561206817627,-3.393542766571045,-1.8983514308929443
1761334267774963000,0.934962890625,-10.433164596557617,-4.767012119293213,-3.110170841217041
1761334267793664300,0.953664306640625,-12.539258003234863,-5.186846733093262,-3.3270974159240723
1761334267812365600,0.972365478515625,-14.340842247009277,-5.22342586517334,-3.294948101043701
1761334267831067000,0.99106689453125,-14.678873062133789,-5.2941975593566895,-3.397393226623535
1761334267849768200,1.009768310546875,-13.176753997802734,-5.397215366363525,-3.481391191482544
1761334267868469800,1.0284697265625,-10.258255004882812,-5.183156967163086,-3.4892220497131348
1761334267887171000,1.047171142578125,-7.327260494232178,-4.806743621826172,-2.2119698524475098
1761334267905872400,1.065872314453125,-5.148683547973633,-4.251834392547607,-0.3927968740463257
1761334267924573700,1.08457373046875,-3.4786252975463867,-3.8234078884124756,0.7337374687194824
1761334267943275000,1.10327490234375,-2.671748161315918,-3.774437427520752,0.5302808284759521
1761334267961976300,1.121976318359375,-0.7095985412597656,-3.159599542617798,0.9181325435638428
1761334267980678000,1.140677978515625,3.049532890319824,-1.6576985120773315,1.6077815294265747
1761334267999379200,1.159379150390625,9.268890380859375,0.7885613441467285,2.837311267852783
1761334268018080500,1.17808056640625,10.804383277893066,4.384069442749023,2.8166322708129883
1761334268036781800,1.19678173828125,8.290003776550293,8.259600639343262,-0.5618114471435547
1761334268055483100,1.215483154296875,9.694201469421387,9.612197875976562,-1.1810206174850464
1761334268074184400,1.234184326171875,12.853504180908203,10.363265991210938,-0.549450159072876
1761334268092886000,1.252885986328125,19.429216384887695,8.821955680847168,4.300836563110352
1761334268111587300,1.27158740234375,23.049964904785156,6.799639701843262,6.515429496765137
1761334268130288600,1.29028857421875,13.976957321166992,3.9786880016326904,5.522212982177734
1761334268148990000,1.308989990234375,3.738849639892578,0.8021316528320312,3.716223955154419
1761334268167691300,1.327691162109375,-3.808286666870117,-3.0206334590911865,0.42537808418273926
1761334268186392600,1.346392578125,-9.389480590820312,-5.041476249694824,-2.6323537826538086
1761334268205094100,1.36509423828125,-13.316308975219727,-6.100466728210449,-4.675296306610107
1761334268223795500,1.38379541015625,-15.523246765136719,-6.464969158172607,-5.552011489868164
1761334268242496800,1.402496826171875,-15.439910888671875,-6.2539215087890625,-5.431823253631592
1761334268261198000,1.421197998046875,-13.864757537841797,-6.241052627563477,-4.633713722229004
1761334268279899400,1.4398994140625,-11.715938568115234,-5.996737003326416,-3.0672500133514404
1761334268298600700,1.4586005859375,-8.923101425170898,-5.214955806732178,-0.9475678205490112
1761334268317302300,1.47730224609375,-6.295320987701416,-4.305531978607178,-0.04138922691345215
1761334268336003600,1.496003662109375,-4.52674674987793,-3.3141276836395264,0.5361363887786865
1761334268354705000,1.514704833984375,-3.2057275772094727,-2.690225601196289,1.324533462524414
1761334268373406200,1.53340625,-1.738387107849121,-2.4511802196502686,1.3880093097686768
1761334268392107500,1.552107421875,0.9690933227539062,-1.9815142154693604,1.000597596168518
1761334268410808800,1.570808837890625,3.7436256408691406,0.16589903831481934,1.287319540977478
1761334268429510400,1.589510498046875,7.184309005737305,3.776027202606201,1.5871000289916992
1761334268448211700,1.608211669921875,8.802774429321289,7.098952770233154,-0.21140968799591064
1761334268466913000,1.6269130859375,8.66736888885498,9.565710067749023,-0.5971994400024414
1761334268485614300,1.6456142578125,10.085018157958984,11.094781875610352,-0.17798566818237305
1761334268504315600,1.664315673828125,14.606931686401367,11.445032119750977,2.767368793487549
1761334268523017000,1.683016845703125,21.51771354675293,10.123632431030273,7.734867095947266
1761334268541718500,1.701718505859375,19.7972412109375,6.227545261383057,5.974658012390137
1761334268560419800,1.720419921875,9.787668228149414,2.230226516723633,2.987698554992676
1761334268579121200,1.73912109375,2.7033700942993164,-1.7610208988189697,-0.46246445178985596
1761334268597822500,1.757822509765625,-3.807793617248535,-4.390847206115723,-1.7951579093933105
1761334268616523800,1.776523681640625,-9.897523880004883,-5.725729942321777,-1.4467377662658691
1761334268635225000,1.79522509765625,-14.902820587158203,-6.307616233825684,-2.2335596084594727
1761334268653926700,1.8139267578125,-17.139577865600586,-6.432324409484863,-3.334866523742676
1761334268672627700,1.832627685546875,-16.203292846679688,-6.064273834228516,-2.767279863357544
1761334268691329300,1.851329345703125,-12.845952987670898,-5.557705879211426,-1.2654669284820557
1761334268710030600,1.870030517578125,-10.050825119018555,-4.970851898193359,0.5699790716171265
1761334268728732000,1.88873193359375,-7.845291614532471,-4.132045745849609,1.6197757720947266
1761334268747433200,1.90743310546875,-7.152107238769531,-3.55234956741333,1.39262056350708
1761334268766134800,1.926134765625,-7.292477607727051,-2.967578411102295,0.9741165637969971
1761334268784836000,1.944836181640625,-5.488295555114746,-2.409597396850586,1.1313490867614746
1761334268803537400,1.963537353515625,-2.894338607788086,-2.1963536739349365,1.0804758071899414
1761334268822238700,1.98223876953125,-0.3048410415649414,-1.676001787185669,1.539726734161377
1761334268840940000,2.00093994140625,3.5642261505126953,-0.09683966636657715,2.194014072418213
1761334268859641300,2.019641357421875,9.206088066101074,2.805245876312256,1.4610834121704102
1761334268878343000,2.038343017578125,9.70976448059082,6.5881195068359375,-1.3066498041152954
1761334268897044000,2.0570439453125,7.346123695373535,10.117620468139648,-5.34100341796875
1761334268915745300,2.075745361328125,5.733558654785156,11.134339332580566,-5.42601203918457
1761334268934446800,2.09444677734375,8.242070198059082,9.578474044799805,-2.2734100818634033
1761334268953148200,2.113148193359375,20.73649787902832,7.680025577545166,3.010404586791992
1761334268971849500,2.131849365234375,25.44594383239746,6.4383769035339355,6.434659957885742
1761334268990550800,2.15055078125,13.051864624023438,5.366611003875732,2.7967309951782227
1761334269009252000,2.169252197265625,0.5899133682250977,1.8763394355773926,0.9827632904052734
1761334269027953400,2.187953369140625,-6.19294548034668,-2.2403957843780518,0.09843981266021729
1761334269046655000,2.206655029296875,-6.314120292663574,-5.4273786544799805,-2.528308391571045
1761334269065356300,2.225356201171875,-8.420011520385742,-6.60916805267334,-3.700990915298462
1761334269084057600,2.2440576171875,-13.199267387390137,-6.7114644050598145,-3.666325569152832
1761334269102759000,2.262759033203125,-16.028038024902344,-6.433072566986084,-3.574676990509033
1761334269121460200,2.281460205078125,-15.336010932922363,-6.638338565826416,-2.92881441116333
1761334269140161500,2.30016162109375,-12.827960968017578,-6.410370826721191,-1.4261705875396729
1761334269158863000,2.318863037109375,-10.009868621826172,-5.47467565536499,0.4959760904312134
1761334269177564400,2.337564453125,-8.45071792602539,-4.049831390380859,1.6948503255844116
1761334269196265700,2.356265625,-6.558984756469727,-3.1168622970581055,1.4438226222991943
1761334269214967000,2.374967041015625,-4.440688610076904,-2.8063509464263916,0.9139834642410278
1761334269233668400,2.39366845703125,-1.6382856369018555,-2.2502999305725098,0.6310319900512695
1761334269252369700,2.41236962890625,3.5763769149780273,-0.8139491081237793,1.197373628616333
1761334269271071200,2.4310712890625,9.55372428894043,2.1904594898223877,1.9605903625488281
1761334269289772500,2.4497724609375,13.393088340759277,5.087579250335693,1.6193335056304932
1761334269308473900,2.468473876953125,11.704291343688965,7.496549129486084,-1.1651716232299805
1761334269327175200,2.487175048828125,7.249383926391602,10.702682495117188,-3.7852611541748047
1761334269345876500,2.50587646484375,7.589673042297363,10.919525146484375,-2.6332521438598633
1761334269364577800,2.524577880859375,10.452628135681152,8.54059886932373,2.7738122940063477
1761334269383279000,2.543279052734375,18.834228515625,5.8255295753479,9.687029838562012
1761334269401980400,2.56198046875,16.029193878173828,4.420318126678467,7.231259822845459
1761334269420682000,2.580681884765625,6.218023300170898,2.10054349899292,2.510298728942871
1761334269439383300,2.59938330078125,-1.8692116737365723,-0.8943428993225098,0.03239858150482178
1761334269458084600,2.618084716796875,-7.391989231109619,-3.0425121784210205,-1.3054174184799194
1761334269476786000,2.636785888671875,-9.630489349365234,-5.013455390930176,-2.4192686080932617
1761334269495487200,2.6554873046875,-12.305255889892578,-5.933611869812012,-2.366300582885742
1761334269514188500,2.6741884765625,-14.560307502746582,-6.259417533874512,-2.8394246101379395
1761334269532890000,2.69289013671875,-14.540132522583008,-6.259909629821777,-4.089869022369385
1761334269551591400,2.71159130859375,-12.66574478149414,-6.236180782318115,-3.9467427730560303
1761334269570292700,2.730292724609375,-10.831169128417969,-5.494662761688232,-2.1534335613250732
1761334269588994000,2.748994140625,-8.8475923538208,-4.609428405761719,-0.28691041469573975
1761334269607695400,2.7676953125,-6.691630840301514,-3.730834722518921,0.9338173866271973
1761334269626396700,2.786396728515625,-5.117743968963623,-3.005465507507324,1.6285375356674194
1761334269645098000,2.805097900390625,-3.3504037857055664,-2.1765499114990234,1.8450483083724976
1761334269663799600,2.823799560546875,0.10241985321044922,-1.0491232872009277,1.8844349384307861
1761334269682500600,2.84250048828125,5.134434700012207,1.0368387699127197,1.4173600673675537
1761334269701202200,2.8612021484375,9.718247413635254,4.1220221519470215,0.11800068616867065
1761334269719903500,2.879903564453125,10.553905487060547,7.123897075653076,-2.232300281524658
1761334269738604800,2.898604736328125,12.530467987060547,8.768688201904297,-2.1955463886260986
1761334269757306000,2.91730615234375,13.293230056762695,9.330219268798828,-0.9249415993690491
1761334269776007400,2.93600732421875,16.33788299560547,8.644734382629395,3.8053998947143555
1761334269794708700,2.954708740234375,22.282268524169922,7.761424541473389,8.69815444946289
1761334269813410300,2.973410400390625,16.077224731445312,6.28397274017334,4.748754501342773
1761334269832111600,2.992111572265625,7.9411211013793945,3.0313010215759277,1.228613018989563
1761334269850813000,3.01081298828125,0.6667871475219727,-0.8634777069091797,0.11313426494598389
1761334269869514200,3.02951416015625,-7.214193344116211,-3.982927083969116,-0.8222084045410156
1761334269888215600,3.048215576171875,-12.756660461425781,-5.833372116088867,-2.5034284591674805
1761334269906916900,3.066916748046875,-14.918819427490234,-6.994630336761475,-3.315258264541626
1761334269925618400,3.085618408203125,-15.360488891601562,-7.300882339477539,-3.349731922149658
1761334269944319700,3.10431982421875,-14.780946731567383,-7.221555709838867,-2.8662116527557373
1761334269963020800,3.123020751953125,-13.724299430847168,-6.758617401123047,-2.1993885040283203
1761334269981722400,3.141722412109375,-12.240495681762695,-5.9521589279174805,-1.4149569272994995
1761334270000423700,3.160423583984375,-10.490656852722168,-4.985175132751465,-0.0718306303024292
1761334270019125000,3.179125,-8.083357810974121,-3.9306552410125732,0.9092609882354736
1761334270037826300,3.197826416015625,-5.830242156982422,-3.1139326095581055,0.7685089111328125
1761334270056527600,3.216527587890625,-3.088414192199707,-2.55757474899292,0.24379801750183105
1761334270075229000,3.23522900390625,1.1560125350952148,-1.4390263557434082,0.7151645421981812
1761334270093930500,3.253930419921875,6.927404403686523,0.4113442897796631,1.121222734451294
1761334270112631800,3.2726318359375,10.607436180114746,4.0034003257751465,0.04103648662567139
1761334270131333000,3.2913330078125,10.287837028503418,6.765042781829834,-2.4036865234375
1761334270150034400,3.310034423828125,10.90353012084961,8.413137435913086,-2.3500492572784424
1761334270168735700,3.32873583984375,12.201414108276367,9.145489692687988,0.3408898115158081
1761334270187437000,3.34743701171875,16.11449432373047,9.256742477416992,4.095876216888428
1761334270206138600,3.366138671875,22.24691390991211,7.647133827209473,7.252361297607422
1761334270224840000,3.38483984375,17.272506713867188,6.2619123458862305,6.464972972869873
1761334270243541200,3.403541259765625,8.283555030822754,3.8068504333496094,4.659131050109863
1761334270262242600,3.42224267578125,0.6404018402099609,0.1827993392944336,2.512688398361206
1761334270280943900,3.44094384765625,-6.2895283699035645,-2.8420770168304443,0.28932666778564453
1761334270299645200,3.459645263671875,-10.100823402404785,-4.8316168785095215,-2.2828919887542725
1761334270318346500,3.478346435546875,-11.819433212280273,-6.10066032409668,-3.4328906536102295
1761334270337047800,3.4970478515625,-12.83228874206543,-6.638764381408691,-3.559368371963501
1761334270355749400,3.515749267578125,-13.479828834533691,-7.1495256423950195,-3.613773822784424
1761334270374450700,3.53445068359375,-13.08630657196045,-7.501869201660156,-3.354053497314453
1761334270393152000,3.553152099609375,-12.150917053222656,-7.385187149047852,-3.1215274333953857
1761334270411853300,3.571853271484375,-10.419567108154297,-6.937370300292969,-1.9809014797210693
1761334270430554600,3.5905546875,-8.970541000366211,-6.204998970031738,-0.5254728198051453
1761334270449256000,3.609255859375,-7.529750823974609,-5.362912178039551,0.23245328664779663
1761334270467957500,3.62795751953125,-6.524215221405029,-3.889279365539551,0.7389100790023804
1761334270486658800,3.646658935546875,-4.26829719543457,-1.9338011741638184,0.532477080821991
1761334270505360100,3.665360107421875,2.148024559020996,1.3573002815246582,0.3339747190475464
1761334270524061400,3.6840615234375,10.710432052612305,6.9603986740112305,-0.06500750780105591
1761334270542762800,3.7027626953125,16.712177276611328,10.526494979858398,-0.3457171618938446
1761334270561464000,3.721464111328125,17.438526153564453,12.244239807128906,-0.5466604232788086
1761334270580165400,3.740165283203125,16.719554901123047,13.166964530944824,-0.3010609745979309
1761334270598866700,3.75886669921875,22.20414924621582,10.369668960571289,3.7673165798187256
1761334270617568000,3.777568115234375,20.899532318115234,7.573162078857422,4.3992695808410645
1761334270636269600,3.79626953125,8.830185890197754,5.001570224761963,3.1366732120513916
1761334270654971000,3.814970947265625,-0.6829814910888672,0.8180203437805176,2.3809573650360107
1761334270673672200,3.833672119140625,-6.455895900726318,-3.1485466957092285,0.680833101272583
1761334270692373500,3.85237353515625,-9.413155555725098,-6.370326042175293,-2.810922622680664
1761334270711074800,3.87107470703125,-11.120573043823242,-8.026436805725098,-4.724382400512695
1761334270729776000,3.889776123046875,-13.738713264465332,-7.884845733642578,-5.18658447265625
1761334270748477700,3.908477783203125,-15.221822738647461,-7.63951301574707,-4.323692321777344
1761334270767179000,3.927178955078125,-14.38481330871582,-7.446189880371094,-3.163942337036133
1761334270785880300,3.94588037109375,-12.261861801147461,-7.279717922210693,-1.727552890777588
1761334270804581600,3.96458154296875,-9.608329772949219,-6.38208532333374,0.33286160230636597
1761334270823283000,3.983282958984375,-7.147853851318359,-5.078725337982178,2.349128246307373
1761334270841984300,4.001984375,-5.430675506591797,-3.563124895095825,3.678454637527466
1761334270860685600,4.020685546875,-2.9271955490112305,-1.7889785766601562,3.9200289249420166
1761334270879387000,4.039386962890625,1.3042030334472656,-0.08057737350463867,3.6013598442077637
1761334270898088200,4.058088134765625,5.859981536865234,2.620025157928467,2.22697377204895
1761334270916789800,4.076789794921875,9.177842140197754,6.479626655578613,-0.4177548289299011
1761334270935491000,4.095490966796875,9.211308479309082,9.640678405761719,-2.332245111465454
1761334270954192400,4.1141923828125,8.572367668151855,10.333147048950195,-3.236485719680786
1761334270972893700,4.132893798828125,9.892772674560547,9.67147445678711,-2.6956772804260254
1761334270991595000,4.151594970703125,22.444255828857422,6.523694038391113,3.26851749420166
1761334271010296300,4.17029638671875,28.88178062438965,5.134385585784912,8.966532707214355
1761334271028998000,4.188997802734375,13.677704811096191,4.965543270111084,5.688403606414795
1761334271047699000,4.207698974609375,-0.7158050537109375,2.5182557106018066,1.9099552631378174
1761334271066400500,4.226400390625,-6.533882141113281,-0.930422306060791,0.23117804527282715
1761334271085101800,4.245101806640625,-9.190812110900879,-4.194541931152344,-2.204411506652832
1761334271103803100,4.26380322265625,-10.95771312713623,-6.624486923217773,-3.9852852821350098
1761334271122504400,4.28250439453125,-12.949639320373535,-7.525555610656738,-4.5656304359436035
1761334271141205800,4.301205810546875,-14.64728832244873,-7.765678405761719,-4.368247032165527
1761334271159907000,4.319906982421875,-14.726168632507324,-7.8177995681762695,-3.8737072944641113
1761334271178608600,4.338608642578125,-13.213470458984375,-7.751964569091797,-2.607278823852539
1761334271197310000,4.35731005859375,-10.45671272277832,-7.065219879150391,-0.5057117938995361
1761334271216011300,4.37601123046875,-7.971285820007324,-5.806848526000977,1.3195796012878418
1761334271234712600,4.394712646484375,-5.350583553314209,-4.5557098388671875,2.7743871212005615
1761334271253414000,4.413413818359375,-2.276561737060547,-2.8252851963043213,3.435452938079834
1761334271272115200,4.432115234375,2.5326766967773438,-0.7958183288574219,3.638500213623047
1761334271290816500,4.45081640625,6.3307294845581055,2.560088634490967,2.095661163330078
1761334271309517800,4.469517822265625,9.292044639587402,7.02657413482666,-0.20786550641059875
1761334271328219100,4.48821923828125,11.052760124206543,10.234249114990234,-2.7160797119140625
1761334271346920700,4.506920654296875,12.356201171875,10.820158958435059,-3.242318868637085
1761334271365622000,4.5256220703125,13.714632034301758,10.401033401489258,-1.2226600646972656
1761334271384323300,4.5443232421875,20.859485626220703,8.341170310974121,4.521347999572754
1761334271403024600,4.563024658203125,21.08118438720703,6.903167247772217,7.288026809692383
1761334271421726000,4.581725830078125,8.466026306152344,5.287652492523193,4.161990642547607
1761334271440427300,4.60042724609375,-0.7921314239501953,1.841559886932373,1.5335028171539307
1761334271459128800,4.61912890625,-4.76846981048584,-1.914191722869873,0.7314890623092651
1761334271477830100,4.637830078125,-7.964266300201416,-5.049497604370117,-0.8578199148178101
1761334271496531500,4.656531494140625,-10.313413619995117,-6.890296459197998,-1.9565989971160889
1761334271515232800,4.675232666015625,-12.793633460998535,-7.369993686676025,-2.147861957550049
1761334271533934000,4.69393408203125,-14.360250473022461,-7.68513298034668,-1.9850265979766846
1761334271552635400,4.712635498046875,-14.11250114440918,-7.9215593338012695,-2.0461068153381348
1761334271571336700,4.731336669921875,-12.392781257629395,-7.727691650390625,-2.106682538986206
1761334271590038000,4.7500380859375,-10.034218788146973,-6.932218551635742,-1.0524845123291016
1761334271608739300,4.7687392578125,-8.263115882873535,-5.761387348175049,-0.02501589059829712
1761334271627441000,4.78744091796875,-6.72979736328125,-4.2876434326171875,0.5812206864356995
1761334271646142200,4.80614208984375,-4.399964332580566,-2.864765167236328,1.5667881965637207
1761334271664843500,4.824843505859375,-1.1945695877075195,-1.0545179843902588,1.5205744504928589
1761334271683544800,4.843544921875,3.380735397338867,1.6479883193969727,0.9579070210456848
1761334271702246100,4.86224609375,7.867934226989746,4.804146766662598,0.1548498272895813
1761334271720947500,4.880947509765625,10.4808349609375,8.653789520263672,-1.3171895742416382
1761334271739648800,4.899648681640625,11.921645164489746,11.247354507446289,-2.8757762908935547
1761334271758350000,4.91835009765625,12.832782745361328,10.811237335205078,-2.5782952308654785
1761334271777051600,4.9370517578125,19.484989166259766,8.958761215209961,2.364682674407959
1761334271795753000,4.9557529296875,29.87720489501953,5.723197937011719,7.671676158905029
1761334271814454300,4.974454345703125,20.74899673461914,5.988897800445557,6.022523880004883
1761334271833155600,4.993155517578125,5.9039411544799805,4.524072647094727,1.9626233577728271
1761334271851857000,5.01185693359375,-1.3274126052856445,0.7410874366760254,-0.2720268964767456
1761334271870558200,5.03055810546875,-5.415737152099609,-3.182272434234619,-0.7761235237121582
1761334271889259800,5.049259765625,-9.714398384094238,-5.898504257202148,-1.5927025079727173
1761334271907961000,5.067961181640625,-12.99246597290039,-7.448452949523926,-1.6787164211273193
1761334271926662400,5.086662353515625,-15.450618743896484,-8.201813697814941,-1.8206171989440918
1761334271945363700,5.10536376953125,-16.22686004638672,-8.42199993133545,-2.1637885570526123
1761334271964065000,5.12406494140625,-15.371227264404297,-8.614432334899902,-2.143765687942505
1761334271982766300,5.142766357421875,-13.438518524169922,-8.257766723632812,-1.6746166944503784
1761334272001467600,5.161467529296875,-11.355969429016113,-7.440273284912109,-0.3178604543209076
1761334272020169000,5.1801689453125,-9.563458442687988,-6.2491374015808105,0.9180929660797119
1761334272038870500,5.19887060546875,-8.036771774291992,-5.153611660003662,1.5914900302886963
1761334272057571800,5.21757177734375,-6.780172348022461,-3.975252628326416,1.908371925354004
1761334272076273200,5.236273193359375,-4.26884651184082,-2.9410219192504883,1.6669936180114746
1761334272094974500,5.254974365234375,1.3776702880859375,-0.6305491924285889,1.8701177835464478
1761334272113675800,5.27367578125,8.145045280456543,3.413623332977295,2.2507381439208984
1761334272132377000,5.292377197265625,11.475164413452148,8.348175048828125,-0.4482381343841553
1761334272151078400,5.311078369140625,14.930463790893555,12.563183784484863,-2.599575996398926
1761334272169779700,5.32977978515625,18.678897857666016,14.801507949829102,1.8103842735290527
1761334272188481000,5.34848095703125,29.580663681030273,11.546025276184082,10.983604431152344
1761334272207182600,5.3671826171875,27.585437774658203,7.326961517333984,7.352354049682617
1761334272225884000,5.3858837890625,14.516731262207031,5.434765815734863,1.2545140981674194
1761334272244585200,5.404585205078125,4.873344421386719,1.6137700080871582,-2.0267927646636963
1761334272263286500,5.42328662109375,-1.3184537887573242,-2.5292251110076904,-3.377859354019165
1761334272281987800,5.44198779296875,-4.462934494018555,-5.265255928039551,-3.260190725326538
1761334272300689200,5.460689208984375,-10.394633293151855,-6.78282356262207,-2.042863130569458
1761334272319390500,5.479390380859375,-16.270715713500977,-7.289380073547363,-3.0757834911346436
1761334272338091800,5.498091796875,-17.07273292541504,-7.166355133056641,-3.579700469970703
1761334272356793000,5.51679296875,-14.514472007751465,-7.1573591232299805,-2.81510066986084
1761334272375494700,5.53549462890625,-11.896123886108398,-6.916454315185547,-2.206610679626465
1761334272394196000,5.554196044921875,-11.08586311340332,-6.076175689697266,-0.4946633577346802
1761334272412897300,5.572897216796875,-10.303781509399414,-4.958452224731445,0.7713848352432251
1761334272431598600,5.5915986328125,-9.011209487915039,-4.142841815948486,1.0171923637390137
1761334272450300000,5.6102998046875,-7.157325744628906,-3.328040599822998,1.5667119026184082
1761334272469001200,5.629001220703125,-5.87951135635376,-2.8563616275787354,1.2285804748535156
1761334272487702500,5.64770263671875,-3.1622776985168457,-2.355914354324341,0.6159261465072632
1761334272506403800,5.66640380859375,0.3883504867553711,-0.9564948081970215,0.6583780646324158
1761334272525105400,5.68510546875,4.7750244140625,1.9464247226715088,0.6447327136993408
1761334272543806700,5.703806640625,8.443893432617188,5.97021484375,0.2902023196220398
1761334272562508000,5.722508056640625,13.829163551330566,8.01599407196045,1.0298398733139038
1761334272581209300,5.741209228515625,23.31808090209961,9.018072128295898,7.463280200958252
1761334272599910700,5.75991064453125,32.3051872253418,8.33895206451416,11.250801086425781
1761334272618612000,5.778612060546875,27.891319274902344,8.23682689666748,5.018090724945068
1761334272637313500,5.7973134765625,19.92040252685547,5.511889457702637,0.7672681212425232
1761334272656014600,5.8160146484375,9.442218780517578,1.6758053302764893,-2.6077768802642822
1761334272674716000,5.8347158203125,-1.6346359252929688,-1.7387311458587646,-3.9695615768432617
1761334272693417500,5.85341748046875,-11.10590648651123,-4.315627098083496,-3.5096991062164307
1761334272712118800,5.872118896484375,-17.901464462280273,-5.668333530426025,-2.7671823501586914
1761334272730820000,5.890820068359375,-19.515140533447266,-6.6048502922058105,-2.8451218605041504
1761334272749521400,5.909521484375,-17.75583267211914,-7.003853797912598,-2.5419960021972656
1761334272768222700,5.92822265625,-15.562366485595703,-6.741304397583008,-2.0231308937072754
1761334272786924000,5.946924072265625,-15.004602432250977,-6.271129608154297,-0.2785700559616089
1761334272805625600,5.96562548828125,-13.543140411376953,-5.545103073120117,0.30748891830444336
1761334272824326700,5.98432666015625,-10.806575775146484,-4.8309407234191895,0.08612978458404541
1761334272843028200,6.0030283203125,-6.83632755279541,-4.155427932739258,0.02049267292022705
1761334272861729500,6.0217294921875,-4.39235782623291,-2.999305009841919,0.3670079708099365
1761334272880430800,6.040430908203125,-3.104947090148926,-1.72114098072052,0.3456597328186035
1761334272899132200,6.059132080078125,-1.1034893989562988,-0.2975127696990967,0.21220946311950684
1761334272917833500,6.07783349609375,2.8691177368164062,1.6782302856445312,0.6346663236618042
1761334272936534800,6.09653466796875,7.185338973999023,4.578526496887207,-0.7234565019607544
1761334272955236400,6.115236328125,10.521461486816406,7.912184715270996,-1.7182434797286987
1761334272973937400,6.1339375,21.26374626159668,8.364983558654785,4.427618980407715
1761334272992639000,6.152638916015625,28.934738159179688,6.954585075378418,10.264698028564453
1761334273011340300,6.17134033203125,31.73238754272461,5.287995338439941,9.615974426269531
1761334273030041600,6.19004150390625,23.00029945373535,5.935041427612305,5.737665176391602
1761334273048743000,6.208742919921875,11.354599952697754,4.1465301513671875,0.08291971683502197
1761334273067444200,6.2274443359375,2.0836267471313477,1.214141845703125,-2.005763530731201
1761334273086145500,6.2461455078125,-6.574259281158447,-1.6707959175109863,-2.3992066383361816
1761334273104846800,6.264846923828125,-13.880151748657227,-3.8958911895751953,-3.810028076171875
1761334273123548400,6.28354833984375,-15.876659393310547,-5.414215087890625,-4.5673041343688965
1761334273142249700,6.302249755859375,-14.638786315917969,-6.618999481201172,-3.9955732822418213
1761334273160951000,6.320950927734375,-14.079595565795898,-6.980785369873047,-3.723025321960449
1761334273179652400,6.33965234375,-14.198873519897461,-6.9368109703063965,-4.3235697746276855
1761334273198353700,6.358353759765625,-13.216270446777344,-6.252561569213867,-3.062187671661377
1761334273217055000,6.377054931640625,-10.65325927734375,-5.419904708862305,-1.001753807067871
1761334273235756300,6.39575634765625,-7.701870918273926,-4.598311901092529,0.18649959564208984
1761334273254457600,6.41445751953125,-5.357683181762695,-3.8311400413513184,0.7598068714141846
1761334273273159200,6.4331591796875,-4.158917427062988,-2.9285058975219727,0.9770222902297974
1761334273291860500,6.451860595703125,-3.6511363983154297,-1.6207597255706787,0.6028566360473633
1761334273310561500,6.4705615234375,-0.33963680267333984,-0.5825698375701904,0.5155752897262573
1761334273329263000,6.48926318359375,5.717879295349121,0.8366549015045166,0.21718764305114746
1761334273347964400,6.50796435546875,7.640618324279785,4.052499771118164,-0.4521019458770752
1761334273366665700,6.526665771484375,8.46602725982666,7.549936294555664,-1.5014246702194214
1761334273385367000,6.545366943359375,13.065330505371094,7.709472179412842,1.1405293941497803
1761334273404068400,6.564068359375,18.360719680786133,7.046631336212158,6.586372375488281
1761334273422769700,6.582769775390625,26.215545654296875,4.883030891418457,8.434425354003906
1761334273441471200,6.60147119140625,20.21480941772461,5.013815879821777,3.4812774658203125
1761334273460172300,6.62017236328125,11.655010223388672,3.9896373748779297,1.1343238353729248
1761334273478873900,6.638873779296875,3.2400026321411133,1.629866123199463,-1.1587327718734741
1761334273497575200,6.6575751953125,-5.429842948913574,-0.7615430355072021,-1.7649762630462646
1761334273516276500,6.6762763671875,-11.551979064941406,-2.693089246749878,-1.7288612127304077
1761334273534977800,6.694977783203125,-13.994744300842285,-4.475085735321045,-2.4102623462677
1761334273553679000,6.71367919921875,-14.450923919677734,-5.47028923034668,-2.684507369995117
1761334273572380400,6.73238037109375,-14.007582664489746,-5.928596496582031,-3.593656301498413
1761334273591081700,6.751081787109375,-13.105131149291992,-6.08418083190918,-3.200850486755371
1761334273609783000,6.769782958984375,-12.043936729431152,-5.825673580169678,-1.7142102718353271
1761334273628484400,6.788484375,-10.618417739868164,-5.125436782836914,-0.15438717603683472
1761334273647186000,6.80718603515625,-8.143158912658691,-4.108436107635498,0.7228727340698242
1761334273665887200,6.82588720703125,-5.051954746246338,-3.212979793548584,0.8937473297119141
1761334273684588500,6.844588623046875,-2.8414249420166016,-2.2136118412017822,1.4967527389526367
1761334273703289900,6.863289794921875,-2.4627580642700195,-0.6955158710479736,0.9999933242797852
1761334273721991200,6.8819912109375,0.17441082000732422,1.3081495761871338,0.055001139640808105
1761334273740692500,6.9006923828125,6.135110855102539,3.804678440093994,0.6230014562606812
1761334273759393800,6.919393798828125,9.236679077148438,6.992711544036865,-0.7683361768722534
1761334273778095000,6.93809521484375,13.186580657958984,8.611368179321289,0.4134838581085205
1761334273796796700,6.956796630859375,18.55637550354004,7.42358922958374,3.8849189281463623
1761334273815498000,6.975498046875,25.41415023803711,4.754957675933838,5.584067344665527
1761334273834199300,6.99419921875,26.347389221191406,5.128499984741211,5.654114246368408
1761334273852900600,7.012900634765625,17.39680290222168,5.392925262451172,4.358652114868164
1761334273871602000,7.031601806640625,6.752969741821289,3.312840461730957,0.9486849308013916
1761334273890303200,7.05030322265625,-3.6622543334960938,0.28426408767700195,-1.5076029300689697
1761334273909004500,7.069004638671875,-11.61182975769043,-2.8112311363220215,-2.281074047088623
1761334273927705900,7.087705810546875,-14.676348686218262,-5.150166034698486,-3.1664323806762695
1761334273946407200,7.1064072265625,-14.639187812805176,-6.554682731628418,-3.4202077388763428
1761334273965108700,7.125108642578125,-14.091317176818848,-7.309187889099121,-3.090524673461914
1761334273983809800,7.143809814453125,-13.378753662109375,-7.443058967590332,-2.372391939163208
1761334274002511400,7.162511474609375,-13.315970420837402,-7.113195896148682,-1.5259289741516113
1761334274021212700,7.181212646484375,-12.541914939880371,-6.67438268661499,-0.5509889125823975
1761334274039914000,7.1999140625,-9.097586631774902,-6.047867298126221,-0.17545711994171143
1761334274058615300,7.218615234375,-5.8434553146362305,-4.869749069213867,-0.09943020343780518
1761334274077316600,7.237316650390625,-3.3932371139526367,-3.354095935821533,0.713708758354187
1761334274096018000,7.256017822265625,-2.1312527656555176,-1.886422872543335,0.8447832465171814
1761334274114719200,7.27471923828125,-0.4089164733886719,0.21665430068969727,0.009181499481201172
1761334274133420500,7.293420654296875,3.617276191711426,3.213106155395508,0.11025381088256836
1761334274152121900,7.312121826171875,9.679986000061035,6.197517395019531,1.1453857421875
1761334274170823400,7.330823486328125,11.776586532592773,9.14659309387207,-1.040717601776123
1761334274189524700,7.349524658203125,12.432144165039062,9.567769050598145,-2.2950944900512695
1761334274208226000,7.36822607421875,16.500093460083008,9.422342300415039,3.9542083740234375
1761334274226927400,7.38692724609375,25.723630905151367,8.275195121765137,9.586548805236816
1761334274245628700,7.405628662109375,19.817626953125,7.491584300994873,5.810585975646973
1761334274264330000,7.424330078125,9.169756889343262,4.857903957366943,1.1744529008865356
1761334274283031300,7.44303125,0.6242446899414062,1.0958070755004883,-1.521843671798706
1761334274301732600,7.461732666015625,-6.6207122802734375,-2.2478857040405273,-2.8339414596557617
1761334274320434200,7.48043408203125,-11.881303787231445,-4.90968656539917,-3.321969747543335
1761334274339135500,7.499135498046875,-14.673944473266602,-6.940737724304199,-3.898627519607544
1761334274357836500,7.51783642578125,-15.567527770996094,-8.255544662475586,-4.794868469238281
1761334274376538000,7.5365380859375,-15.025354385375977,-8.911542892456055,-4.427862644195557
1761334274395239400,7.555239501953125,-13.252726554870605,-8.844987869262695,-3.109945774078369
1761334274413940700,7.573940673828125,-10.910296440124512,-8.319137573242188,-1.4525938034057617
1761334274432642000,7.59264208984375,-8.236210823059082,-6.696382522583008,0.6594839692115784
1761334274451343400,7.61134326171875,-6.382183074951172,-4.503546714782715,2.0595948696136475
1761334274470044700,7.630044677734375,-5.805342197418213,-2.2188172340393066,3.2355704307556152
1761334274488746000,7.64874609375,-5.443112373352051,-0.2763991355895996,2.7639315128326416
1761334274507447300,7.667447265625,-2.6783018112182617,0.8479585647583008,1.0006375312805176
1761334274526148600,7.686148681640625,4.558599472045898,1.5635056495666504,0.6849744319915771
1761334274544850000,7.704849853515625,10.75843620300293,3.906000852584839,0.9455132484436035
1761334274563551500,7.723551513671875,11.30337142944336,7.421178817749023,-0.8530187010765076
1761334274582252800,7.742252685546875,12.9722261428833,8.972506523132324,-1.5666924715042114
1761334274600954000,7.7609541015625,14.66958999633789,7.96789026260376,0.7316624522209167
1761334274619655400,7.779655517578125,15.0820894241333,5.7991623878479,4.031432151794434
1761334274638356700,7.798356689453125,19.800029754638672,5.026613235473633,6.5929484367370605
1761334274657058000,7.81705810546875,16.69234848022461,6.243321418762207,3.977592706680298
1761334274675759400,7.83575927734375,8.599652290344238,5.185600280761719,-0.12367969751358032
1761334274694460700,7.854460693359375,1.5827999114990234,2.0282387733459473,-1.1628323793411255
1761334274713162000,7.873161865234375,-5.136989593505859,-1.5227901935577393,-1.7964458465576172
1761334274731863300,7.89186328125,-10.860087394714355,-4.314463138580322,-3.670867443084717
1761334274750564900,7.91056494140625,-14.547382354736328,-5.983455657958984,-4.560473918914795
1761334274769266200,7.92926611328125,-15.151212692260742,-6.713536262512207,-3.8589062690734863
1761334274787967500,7.947967529296875,-13.691939353942871,-7.0570783615112305,-3.0140395164489746
1761334274806668800,7.966668701171875,-12.437396049499512,-6.838953018188477,-2.694413661956787
1761334274825370000,7.9853701171875,-11.20345401763916,-5.89302921295166,-1.0081195831298828
1761334274844071400,8.004071533203126,-9.162153244018555,-4.501732349395752,1.112690806388855
1761334274862772700,8.022772705078125,-6.766279697418213,-3.315762996673584,2.1511597633361816
1761334274881474000,8.04147412109375,-5.710422515869141,-2.310405731201172,2.212991952896118
1761334274900175400,8.06017529296875,-4.962036609649658,-1.4952199459075928,1.8725612163543701
1761334274918876700,8.078876708984374,-3.154346466064453,-0.5062069892883301,0.834391176700592
1761334274937578000,8.097577880859374,-0.846038818359375,1.0725386142730713,-0.27641749382019043
1761334274956279600,8.116279541015626,3.485264778137207,3.161038637161255,-1.3630679845809937
1761334274974980900,8.13498095703125,7.4271650314331055,5.876880645751953,-3.0308406352996826
1761334274993682200,8.15368212890625,12.650459289550781,7.796841144561768,-2.08085298538208
1761334275012383500,8.172383544921875,17.484121322631836,6.98696231842041,1.9822360277175903
1761334275031084800,8.191084716796874,24.062477111816406,5.193119049072266,7.7741241455078125
1761334275049786000,8.2097861328125,28.66231346130371,5.167020797729492,6.856034278869629
1761334275068487400,8.2284873046875,19.216323852539062,5.7960710525512695,2.451002836227417
1761334275087188700,8.247188720703125,7.797441482543945,4.1526875495910645,0.5252204537391663
1761334275105890000,8.26589013671875,-2.967219352722168,1.4618608951568604,-0.8288666605949402
1761334275124591400,8.28459130859375,-11.761320114135742,-1.728177785873413,-2.493452310562134
1761334275143292700,8.303292724609374,-14.636077880859375,-4.1741862297058105,-3.541299343109131
1761334275161994200,8.321994140625,-13.754866600036621,-5.746646881103516,-3.982167959213257
1761334275180695600,8.340695556640625,-12.955078125,-6.363957405090332,-3.785583734512329
1761334275199396900,8.35939697265625,-12.926712036132812,-6.392992973327637,-3.0662899017333984
1761334275218098200,8.37809814453125,-13.45531940460205,-6.134159564971924,-2.247769355773926
1761334275236799500,8.396799560546874,-12.607412338256836,-5.638091087341309,-1.6355140209197998
1761334275255500800,8.415500732421876,-10.001745223999023,-5.044154167175293,0.016047298908233643
1761334275274202000,8.4342021484375,-7.1411333084106445,-4.443766117095947,1.21311354637146
1761334275292903400,8.4529033203125,-4.711269378662109,-4.084211826324463,0.9952950477600098
1761334275311604700,8.471604736328125,-2.99165678024292,-3.497307777404785,1.3074817657470703
1761334275330306000,8.49030615234375,-1.735926628112793,-2.3969264030456543,1.1868326663970947
1761334275349007400,8.50900732421875,-0.5466747283935547,-0.504378080368042,0.775087296962738
1761334275367709000,8.527708984375,2.95029354095459,2.29447603225708,0.32243669033050537
1761334275386410000,8.546409912109375,9.037776947021484,5.154843330383301,-0.9279021620750427
1761334275405111600,8.565111572265625,17.325267791748047,5.805946350097656,2.404885768890381
1761334275423812900,8.583812744140625,26.047149658203125,6.120735168457031,7.010866165161133
1761334275442514200,8.60251416015625,29.421066284179688,7.281941890716553,6.446041584014893
1761334275461215500,8.621215576171876,19.868423461914062,9.210638046264648,4.036690711975098
1761334275479916800,8.639916748046875,9.895678520202637,7.684108257293701,2.7510366439819336
1761334275498618000,8.6586181640625,1.4370231628417969,3.8487701416015625,1.2884693145751953
1761334275517319400,8.6773193359375,-5.509294033050537,0.1561434268951416,-0.3879994750022888
1761334275536020700,8.696020751953125,-9.59288501739502,-2.6879584789276123,-1.3295619487762451
1761334275554722000,8.71472216796875,-10.87373161315918,-4.675663471221924,-2.380096912384033
1761334275573423400,8.73342333984375,-11.749018669128418,-5.387080669403076,-2.840102434158325
1761334275592124700,8.752124755859375,-12.910289764404297,-5.15380859375,-2.8263540267944336
1761334275610826200,8.770826171875,-13.593111038208008,-4.655118942260742,-2.0578064918518066
1761334275629527600,8.789527587890625,-13.737911224365234,-4.312186241149902,-1.2527388334274292
1761334275648228600,8.808228515625,-11.840230941772461,-4.202446937561035,-1.2976620197296143
1761334275666930200,8.82693017578125,-9.332777976989746,-4.221907615661621,-1.6746490001678467
1761334275685631500,8.845631591796876,-7.088473320007324,-3.8551669120788574,-1.415233850479126
1761334275704332800,8.864332763671875,-4.424415111541748,-2.840820789337158,-0.5718091726303101
1761334275723034000,8.8830341796875,-0.660090446472168,-1.4907705783843994,0.032771140336990356
1761334275741735400,8.9017353515625,3.2609596252441406,0.04655814170837402,-0.7240908145904541
1761334275760436700,8.920436767578124,6.161815643310547,2.2007384300231934,-0.8898755311965942
1761334275779138000,8.939137939453126,8.680788040161133,3.914271593093872,-0.13389359414577484
1761334275797839400,8.95783935546875,11.351052284240723,3.942512035369873,1.5725688934326172
1761334275816541000,8.976541015625,14.57024097442627,3.1987123489379883,2.596752405166626
1761334275835242000,8.995241943359375,15.434054374694824,2.5697097778320312,2.3973770141601562
1761334275853943300,9.013943359375,11.18847370147705,3.6140503883361816,0.8728392124176025
1761334275872644900,9.032644775390626,5.977203369140625,4.345133304595947,0.08196960389614105
1761334275891346200,9.05134619140625,1.8024053573608398,3.9293549060821533,-0.49353039264678955
1761334275910047500,9.070047607421875,-0.8618650436401367,2.5734174251556396,-0.9360505938529968
1761334275928748800,9.088748779296875,-1.9711637496948242,0.7798116207122803,-0.5750505328178406
1761334275947450000,9.1074501953125,-2.545149803161621,-0.7048239707946777,-0.45226025581359863
1761334275966151400,9.1261513671875,-3.8023319244384766,-1.599962830543518,-0.6077104806900024
1761334275984852700,9.144852783203126,-4.72074556350708,-2.4085779190063477,-1.0928096771240234
1761334276003554000,9.163553955078125,-4.865140438079834,-3.255335807800293,-1.6436721086502075
1761334276022255400,9.18225537109375,-5.468685626983643,-3.906614303588867,-2.494443893432617
1761334276040956700,9.200956787109375,-6.171264171600342,-3.5645768642425537,-2.4883713722229004
1761334276059658000,9.219657958984374,-7.736948013305664,-3.5963022708892822,-2.980437994003296
1761334276078359300,9.238359375,-5.672887325286865,-2.4169042110443115,-2.6294615268707275
1761334276097060600,9.257060546875,-2.8056068420410156,-1.1770317554473877,-1.2591257095336914
1761334276115762200,9.27576220703125,-0.28665924072265625,-0.3313448429107666,0.10613894462585449
1761334276134463500,9.29446337890625,1.8100461959838867,0.2578446865081787,0.017463386058807373
1761334276153164800,9.313164794921875,3.9329748153686523,0.3246133327484131,-0.7894049882888794
1761334276171866000,9.3318662109375,4.683506011962891,1.173541784286499,1.5597505569458008
1761334276190567400,9.3505673828125,5.0442304611206055,1.4161403179168701,3.383488416671753
1761334276209268700,9.369268798828125,3.1293907165527344,2.2802212238311768,3.7861578464508057
1761334276227970000,9.387969970703125,0.7391529083251953,1.3349401950836182,2.4039437770843506
1761334276246671400,9.40667138671875,1.347421646118164,0.23511576652526855,0.03199976682662964
1761334276265372700,9.42537255859375,2.848268508911133,-1.2009177207946777,-1.3304356336593628
1761334276284074000,9.444073974609376,2.9337539672851562,-1.9616894721984863,-2.2182364463806152
1761334276302775300,9.462775390625,1.1128244400024414,-1.4425382614135742,-1.2692562341690063
1761334276321476600,9.4814765625,-0.4346323013305664,-0.4835524559020996,-0.3075084686279297
1761334276340178000,9.500177978515625,-1.1526260375976562,0.15594100952148438,0.3576925992965698
1761334276358879200,9.518879150390624,-1.6866159439086914,0.4611783027648926,0.5889263153076172
1761334276377580800,9.537580810546874,-1.8679537773132324,0.293731689453125,0.5094724893569946
1761334276396281900,9.55628173828125,-1.431717872619629,0.264620304107666,0.5755524635314941
1761334276414983400,9.5749833984375,-0.9234132766723633,0.16202235221862793,0.28069818019866943
1761334276433684700,9.593684814453125,-0.3325223922729492,-0.16509652137756348,-0.467038631439209
1761334276452386000,9.612385986328125,-0.3515052795410156,-0.35793018341064453,-0.5893913507461548
1761334276471087400,9.63108740234375,-1.5907645225524902,-0.24068474769592285,0.04316699504852295
1761334276489788700,9.64978857421875,-0.5203123092651367,0.10804319381713867,1.621869683265686
1761334276508490000,9.668489990234375,2.2557458877563477,0.2211446762084961,2.063863754272461
